Product Name,Subcategory
Mini Caramel Stroopwafels,"Biscuits, Chin Chin & Cookies"
Large Caramel Stroopwafels,"Biscuits, Chin Chin & Cookies"
Jumbo Caramel Stroopwafels,"Biscuits, Chin Chin & Cookies"
Cheddar & Cracked Black Pepper Bites,"Biscuits, Chin Chin & Cookies"
Ricotta & Spinach Tortelloni,Pasta & Noodles
Sicilian Cannoli Salted Caramel,Chocolates & Sweets
Salted Caramel Cannoli,Chocolates & Sweets
Hazelnut Chocolate Cannoli,Chocolates & Sweets
Aragostine Hazelnut Chocolate,Chocolates & Sweets
Aragostine Lemon,Chocolates & Sweets
Aragostine Pistachio,Chocolates & Sweets
Aragostine White Chocolate,Chocolates & Sweets
Cannoncini Hazelnut Chocolate,Chocolates & Sweets
Sicilian Cannoli Hazelnut Chocolate,Chocolates & Sweets
Sicilian Cannoli Lemon,Chocolates & Sweets
Sicilian Cannoli Pistachio,Chocolates & Sweets
Pappardelle,Pasta & Noodles
Bicarbonate of Soda - Sachet,Flour & Baking Powder
Cream of Tartar,Flour & Baking Powder
Dark Chocolate,Chocolates & Sweets
White Chocolate,Chocolates & Sweets
Baking Powder,Flour & Baking Powder
Bicarbonate of Soda,Flour & Baking Powder
Extra Strong Food Colour Gel - Black,Baking Tools & Accessories
White Grape Juice,Fruit Juices & Yoghurt
Salt Grape Juice,Fruit Juices & Yoghurt
Tamarind Juice,Fruit Juices & Yoghurt
Hibiscus Juice,Fruit Juices & Yoghurt
Tamarind Juice,Fruit Juices & Yoghurt
Red Grapes Juice,Fruit Juices & Yoghurt
Mango Juice,Fruit Juices & Yoghurt
Tamarind Juice,Fruit Juices & Yoghurt
Fruit Cocktail Juice,Fruit Juices & Yoghurt
Peach Daily Juice,Fruit Juices & Yoghurt
Red Grape Juice,Fruit Juices & Yoghurt
Pineapple Orange Juice,Fruit Juices & Yoghurt
Apple Juice,Fruit Juices & Yoghurt
Mango Juice,Fruit Juices & Yoghurt
Apple Nectar Juice,Fruit Juices & Yoghurt
Apple Juice,Fruit Juices & Yoghurt
Blackcurrant,Fruit Juices & Yoghurt
Blackcurrant - No Sugar Added,Fruit Juices & Yoghurt
Morello Cherry - No Sugar Added,Fruit Juices & Yoghurt
Apricot,Fruit Juices & Yoghurt
Raspberry - No Sugar Added,Fruit Juices & Yoghurt
Thick Cut Orange - No Sugar Added,Fruit Juices & Yoghurt
Hazelnut Chocolate Spread,Chocolates & Sweets
Red Grapes Juice,Fruit Juices & Yoghurt
Red Grapes Juice,Fruit Juices & Yoghurt
Cranberry Juice,Fruit Juices & Yoghurt
Cherry Berry Juice,Fruit Juices & Yoghurt
White Grape Juice,Fruit Juices & Yoghurt
Red Grape Juice,Fruit Juices & Yoghurt
Apricot - No Sugar Added,Fruit Juices & Yoghurt
Blackcurrant Juice,Fruit Juices & Yoghurt
Extra Strong Food Colour Gel - Blue,Baking Tools & Accessories
Extra Strong Food Colour Gel - Green,Baking Tools & Accessories
Extra Strong Food Colour Gel - Pink,Baking Tools & Accessories
Extra Strong Food Colour Gel - Red,Baking Tools & Accessories
Extra Strong Food Colour Gel - Violet,Baking Tools & Accessories
Extra Strong Food Colour Gel - Yellow,Baking Tools & Accessories
Madagascan Vanilla,Baking Tools & Accessories
Moroccan Almond,Baking Tools & Accessories
American Peppermint,Baking Tools & Accessories
Sicilian Lemon,Baking Tools & Accessories
Glycerine,Baking Tools & Accessories
Marzipan,Baking Tools & Accessories
Soft Fondant Icing - White,Baking Tools & Accessories
Chocolatey Strands,Baking Tools & Accessories
Hundreds & Thousands,Baking Tools & Accessories
Sugar Strands,Baking Tools & Accessories
Chocolate Chips - Dark,Baking Tools & Accessories
Chocolate Chips - White,Baking Tools & Accessories
Ground Arrowroot,Baking Tools & Accessories
Whole Black Olives,Nuts & Seeds
Maple Syrup,"Sugar, Honey & Sweeteners"
Black Beans,Canned Foods
Chick Peas,Canned Foods
Italian Chopped Tomatoes,Canned Foods
Italian Peeled Plum Tomatoes,Canned Foods
Bacon & Tomato,Canned Foods
Cheese and Onion,Canned Foods
Lightly Sea Salted,Salt & Seasoning Cubes
Roast Rib of Beef,Salt & Seasoning Cubes
Sea Salt and Aspall Cyder Vinegar,Salt & Seasoning Cubes
Sea Salt and Black Pepper,Salt & Seasoning Cubes
Green Tea Lemon & Honey,Everyday Tea
Lemon Green Tea,Everyday Tea
Green Tea The Vert,Everyday Tea
Lemon & Honey Green Tea,Everyday Tea
Green Tea Lemon & Honey,Everyday Tea
Pure Camomile,Everyday Tea
Pure Camomile Infusion,Everyday Tea
Pure Camomile,Everyday Tea
Camomile Honey & Vanilla,Everyday Tea
Camomile Honey & Vanilla,Everyday Tea
Camomile Honey & Vanilla,Everyday Tea
USA Easy Cook Rice,Grains & Rice
American Cook Rice,Grains & Rice
White Chocolate Oaty Bars,Oats & Instant Cereals
Milk Chocolate Oaty Bars,Oats & Instant Cereals
Caramel Oaty Bars,Oats & Instant Cereals
Avengers Chocolate,Chocolates & Sweets
Chocolate Stars,Chocolates & Sweets
Strawberry Breakfast Drink,Breakfast & Cereals
Chocolate Breakfast Drink,Breakfast & Cereals
Chocolate Breakfast Drink,Breakfast & Cereals
Chocolate,Chocolates & Sweets
Vanilla,Chocolates & Sweets
Vanilla Breakfast Drink,Breakfast & Cereals
Strawberry Breakfast Drink,Breakfast & Cereals
Banana Breakfast Drink,Breakfast & Cereals
Banana,Chocolates & Sweets
Caffe Latte Breakfast Drink,Breakfast & Cereals
Crunchy Weeties,Oats & Instant Cereals
Whole Grain Cereals,Oats & Instant Cereals
Chocolate,Chocolates & Sweets
Crispy Minis Chocolate Chips,Oats & Instant Cereals
Chocolate,Chocolates & Sweets
Crispy Minis Chocolate Chips,Oats & Instant Cereals
Protein,Oats & Instant Cereals
Crunch Chocolate,Chocolates & Sweets
Chocolate Chip,Chocolates & Sweets
Crispy Minis Fruit & Nut,Oats & Instant Cereals
Protein,Oats & Instant Cereals
Chocolate Custard,Chocolates & Sweets
Caramel Custard,Chocolates & Sweets
Vanilla Custard,Chocolates & Sweets
Mango Custard,Chocolates & Sweets
Banana Custard,Chocolates & Sweets
Vanilla Custard,Chocolates & Sweets
Banana Custard,Chocolates & Sweets
Ice Cream Mix,Chocolates & Sweets
Ghana Sattu,Grains & Rice
Mathi - Sugar Control,"Biscuits, Chin Chin & Cookies"
Custard Mixed Fruit,Chocolates & Sweets
Mango Custard,Chocolates & Sweets
Semiyam Mix,Pasta & Noodles
Ready Mix,Pasta & Noodles
Payasam Mix,Pasta & Noodles
Semiyam Payasam Mix,Pasta & Noodles
Basundi,Chocolates & Sweets
Pista Kheer Mix,Pasta & Noodles
Instant Payasam Vermicelli Mix,Pasta & Noodles
Instant Paal Payasam Mix,Pasta & Noodles
Rabdi,Chocolates & Sweets
Kheer Flour,Flour & Baking Powder
Basundi Mix,Chocolates & Sweets
Basundi Mix,Chocolates & Sweets
Basundi Mix,Chocolates & Sweets
Basundi Mix,Chocolates & Sweets
Basundi Mix,Chocolates & Sweets
Halwa Mix,Chocolates & Sweets
Instant Kheer,Chocolates & Sweets
Instant Basundi Mix,Chocolates & Sweets
Gulab Jamun,Chocolates & Sweets
Jalebi,Chocolates & Sweets
Whisky Pepper Sauce,Salt & Seasoning Cubes
Sweet & Spicy BBQ Sauce,Salt & Seasoning Cubes
Original BBQ Sauce,Salt & Seasoning Cubes
Mustard & Smoke BBQ Sauce,Salt & Seasoning Cubes
Honey Mustard Sauce,Salt & Seasoning Cubes
Chilli & Spice BBQ Sauce,Salt & Seasoning Cubes
Red Chilli Hot Sauce,Salt & Seasoning Cubes
Habanero Hot Sauce,Salt & Seasoning Cubes
Smoky & Sweet Hot Sauce,Salt & Seasoning Cubes
Sea Salt Grinder,Salt & Seasoning Cubes
Himalaya Salt Grinder,Salt & Seasoning Cubes
Black Pepper Grinder,Salt & Seasoning Cubes
Marshmallow XXL Bag,Chocolates & Sweets
Marshmallow Tube Mix,Chocolates & Sweets
Marshmallow Bag,Chocolates & Sweets
Tortilla Chips Salt,Salt & Seasoning Cubes
"Beer Bread Tomato, Basil, Roasted Garlic Mix",Flour & Baking Powder
Smokingwood Cherry Chunks,Cooking Tools & Accessories
Fire Starters,Cooking Tools & Accessories
Smokingwood Apple Chunks,Cooking Tools & Accessories
Smokingwood Beech Chunks,Cooking Tools & Accessories
Butcher Paper,Cooking Tools & Accessories
2 in 1 Pops,Chocolates & Sweets
Ice Cream Pops,Chocolates & Sweets
Roller Licker,Chocolates & Sweets
Fruit Shoot Squeezee,Fruit Juices & Yoghurt
Rusk Milk,"Biscuits, Chin Chin & Cookies"
Travel Sweets - Wild Berry,Chocolates & Sweets
Modern Milk Rusk,"Biscuits, Chin Chin & Cookies"
Modern Milk Rusk,"Biscuits, Chin Chin & Cookies"
Diet Rusk,"Biscuits, Chin Chin & Cookies"
Milk Rusk Biscotte,"Biscuits, Chin Chin & Cookies"
Allsorts,"Biscuits, Chin Chin & Cookies"
Suji Rusk,"Biscuits, Chin Chin & Cookies"
Black Soft Eating Bags,Chocolates & Sweets
Raspberry Soft Eating Bags,Chocolates & Sweets
Dark Whole Hazelnut,Chocolates & Sweets
Milk Whole Hazelnut,Chocolates & Sweets
White Chocolate Hazelnut,Chocolates & Sweets
Butter Biscuit,"Biscuits, Chin Chin & Cookies"
Honey Salt Almond,Chocolates & Sweets
Alpine Milk Chocolate,Chocolates & Sweets
Marzipan,Chocolates & Sweets
Praline,Chocolates & Sweets
Salted Caramel,Chocolates & Sweets
Cashew,Nuts & Seeds
Cornflakes,Oats & Instant Cereals
Apple & Caramel Fudge Cake - Gluten Free,"Biscuits, Chin Chin & Cookies"
Cherry & Almond Cake - Gluten Free,"Biscuits, Chin Chin & Cookies"
Lemon Cake - Gluten Free,"Biscuits, Chin Chin & Cookies"
Sultana Cake - Gluten Free,"Biscuits, Chin Chin & Cookies"
Date & Walnut Cake - Egg & Dairy Free,"Biscuits, Chin Chin & Cookies"
Mixed Fruit Cake,"Biscuits, Chin Chin & Cookies"
Suji Elaichi Rusk,"Biscuits, Chin Chin & Cookies"
Smoky Chipotle Ketchup,Salt & Seasoning Cubes
Rusk Milk,"Biscuits, Chin Chin & Cookies"
Butter Atta Rusk,"Biscuits, Chin Chin & Cookies"
Chinese Salt & Chilli,Salt & Seasoning Cubes
Suji Rusk,"Biscuits, Chin Chin & Cookies"
Milk Crunchy & Crispy,"Biscuits, Chin Chin & Cookies"
Original Crispy Onions,Salt & Seasoning Cubes
Milk Rusk,"Biscuits, Chin Chin & Cookies"
Steak Crispy Onions,Salt & Seasoning Cubes
Milk Rusk,"Biscuits, Chin Chin & Cookies"
Crunchy Milk Rusk,"Biscuits, Chin Chin & Cookies"
Saunf Rusk,"Biscuits, Chin Chin & Cookies"
Rusk,"Biscuits, Chin Chin & Cookies"
Rusk,"Biscuits, Chin Chin & Cookies"
Dehradun Rusk,"Biscuits, Chin Chin & Cookies"
Rusk,"Biscuits, Chin Chin & Cookies"
Rusk Kit,"Biscuits, Chin Chin & Cookies"
Suji Rusk,"Biscuits, Chin Chin & Cookies"
Rusk,"Biscuits, Chin Chin & Cookies"
Rusk,"Biscuits, Chin Chin & Cookies"
Crunchy Rusk,"Biscuits, Chin Chin & Cookies"
Digestive Thins,"Biscuits, Chin Chin & Cookies"
Digestive Finas,"Biscuits, Chin Chin & Cookies"
Thins Oat Milk Choco,"Biscuits, Chin Chin & Cookies"
Finas,"Biscuits, Chin Chin & Cookies"
Chocolate Wafers,"Biscuits, Chin Chin & Cookies"
Fibra,"Biscuits, Chin Chin & Cookies"
Twins Sandwich Cocoa Cookies,"Biscuits, Chin Chin & Cookies"
Sandwich Sabor Yogurt,"Biscuits, Chin Chin & Cookies"
Golden Brawn Bake Biscuits,"Biscuits, Chin Chin & Cookies"
Oats & Range Zero No Sugar Added,Oats & Instant Cereals
Breakfast Whole Grains Zero No Sugar Added,Oats & Instant Cereals
Oaty Biscuits No Sugar Added,"Biscuits, Chin Chin & Cookies"
Dark Choco Digestive Biscuits Sugar Free,"Biscuits, Chin Chin & Cookies"
Choc Wafer Biscuits Sugar Free,"Biscuits, Chin Chin & Cookies"
Chocolate Flavour Wafer Sugar Free,"Biscuits, Chin Chin & Cookies"
Chocolate Wafers Sugar Free,"Biscuits, Chin Chin & Cookies"
Vanilla Flavour Wafer Sugar Free,"Biscuits, Chin Chin & Cookies"
Dark Choc Digestive Biscuits Sugar Free,"Biscuits, Chin Chin & Cookies"
Maria Biscuits Sugar Free,"Biscuits, Chin Chin & Cookies"
Shortbread Cookies Sugar Free,"Biscuits, Chin Chin & Cookies"
Fibre Biscuits Sugar Free,"Biscuits, Chin Chin & Cookies"
Social Biscuits Sugar Free,"Biscuits, Chin Chin & Cookies"
Digestive Cookies Sugar Free,"Biscuits, Chin Chin & Cookies"
Digestiva,"Biscuits, Chin Chin & Cookies"
Digestive,"Biscuits, Chin Chin & Cookies"
Digestive biscuits,"Biscuits, Chin Chin & Cookies"
Digestive Temiita Chocolate Biscuits,"Biscuits, Chin Chin & Cookies"
Digestive Kakao Dark Chocolate Biscuits,"Biscuits, Chin Chin & Cookies"
Original Digestive Biscuits,"Biscuits, Chin Chin & Cookies"
Chicken White Wine & Tarragon Gravy,Cooking Sauces
"Red Pepper, Garlic & Chilli Pasta Sauce",Cooking Sauces
Wild Mushroom & Tarragon Pasta Sauce,Cooking Sauces
Mexican Chilli Con Carne Sauce,Cooking Sauces
Moroccan Harissa Sauce,Cooking Sauces
Bearnaise Sauce,Cooking Sauces
Bramley Apple Sauce,Cooking Sauces
Burger Sauce,Cooking Sauces
Cranberry Sauce,Cooking Sauces
Green Peppercorn Sauce,Cooking Sauces
Hollandaise Sauce,Cooking Sauces
Horseradish Sauce,Cooking Sauces
Mint Sauce,Cooking Sauces
Lemon Zest & Dill Seafood Sauce,Cooking Sauces
Digestive Sugar Free,"Biscuits, Chin Chin & Cookies"
Exotic Nectar,Fruit Juices & Yoghurt
Peach Nectar,Fruit Juices & Yoghurt
Mango Nectar,Fruit Juices & Yoghurt
Apelsin Orange,Fruit Juices & Yoghurt
Orange Juice,Fruit Juices & Yoghurt
Table Salt,Salt & Seasoning Cubes
Fine Salt,Salt & Seasoning Cubes
Cooking Salt,Salt & Seasoning Cubes
Iodised Table Salt,Salt & Seasoning Cubes
White Table Salt,Salt & Seasoning Cubes
Premium Iodized Salt,Salt & Seasoning Cubes
Salt Sout,Salt & Seasoning Cubes
Lodated Table Salt,Salt & Seasoning Cubes
Lodised Table Salt,Salt & Seasoning Cubes
Table Natural Sea Salt,Salt & Seasoning Cubes
Chicken Chicken Flavor,Salt & Seasoning Cubes
Lodated Sea Salt,Salt & Seasoning Cubes
White Salt,Salt & Seasoning Cubes
Lodated Sea Salt,Salt & Seasoning Cubes
Super Seasoning Vedan,Salt & Seasoning Cubes
Pink Salt,Salt & Seasoning Cubes
Pink Fine Salt,Salt & Seasoning Cubes
Kosher Salt Coarse,Salt & Seasoning Cubes
Curry Powder Super Pack,Salt & Seasoning Cubes
Ordinary Curry Powder,Salt & Seasoning Cubes
Curry Powder Original,Salt & Seasoning Cubes
Curry Powder,Salt & Seasoning Cubes
Dried Thyme,Salt & Seasoning Cubes
Curry Powder,Salt & Seasoning Cubes
Curry,Salt & Seasoning Cubes
Curry Poudre,Salt & Seasoning Cubes
Mixed Fruit Cider Can,Alcoholic Drinks
Palmnut Soup,Canned Foods
Sparkling Apple Juice Drink,Fruit Juices & Yoghurt
Iyan Ado,Grains & Rice
Tonic Water,Fizzy Drinks & Malt
Grounded Crayfish,Salt & Seasoning Cubes
Grounded Egusi,Salt & Seasoning Cubes
Zero Sugar Drink,Fizzy Drinks & Malt
Palmnut Soup Palm Pulp,Canned Foods
Ga Kenke Original Taste,Grains & Rice
Zero Sugar Zero Caffeine,Fizzy Drinks & Malt
Diet Coke,Fizzy Drinks & Malt
Beans Flour,Grains & Rice
Corn Dough Flour,Grains & Rice
Banku Flour,Grains & Rice
Original Garri,Grains & Rice
Pin Nut Flavored Soft Drink,Fizzy Drinks & Malt
Apple Rush Fruit Drink,Fruit Juices & Yoghurt
Soft Drink Cream Soda,Fizzy Drinks & Malt
Cherry Plum Soft Drink,Fizzy Drinks & Malt
Drink Soda Soft Drink Can,Fizzy Drinks & Malt
Real Palmi Drink,Non-Alcoholic Drinks
Diet Coke Drink,Fizzy Drinks & Malt
Palmie Fresh,Non-Alcoholic Drinks
Palm Wine Pure White,Alcoholic Drinks
Prekese × Abedru Palm Soup Bass,Canned Foods
Ghana's Original Palm Soup Bass,Canned Foods
Ghana's Original Spiced Palm Soup Bass,Canned Foods
Emu Palm Wine Juice,Non-Alcoholic Drinks
Fayim Palm Juice Emu,Non-Alcoholic Drinks
Emu Chicago Palm Wine,Alcoholic Drinks
Premier Quality Palm Drink,Non-Alcoholic Drinks
Pamil Premium Palm Wine Drink,Alcoholic Drinks
Premium Quality Palm Wine Drink Can,Alcoholic Drinks
Canada Dry Ginger Ale,Fizzy Drinks & Malt
Canada Dry Ginger Ale Can,Fizzy Drinks & Malt
Ginger Beer,Fizzy Drinks & Malt
Dry Ginger Ale,Fizzy Drinks & Malt
Ginger Ale,Fizzy Drinks & Malt
Ginger Ale Can,Fizzy Drinks & Malt
Single Malt Scotch Whisky,Alcoholic Drinks
Rum Liqueur,Alcoholic Drinks
Single Malt Whisky,Alcoholic Drinks
Rum,Alcoholic Drinks
Golden Rum Discovery Pack Gift Set,Alcoholic Drinks
Niru Falooda Drink,Non-Alcoholic Drinks
Alibaba Falooda Drink Rose,Non-Alcoholic Drinks
Niru Falooda Nut Drink,Non-Alcoholic Drinks
Vodka,Alcoholic Drinks
Alibaba Falooda Melon Drink,Non-Alcoholic Drinks
Niru Falooda Rose Flavored Drink,Non-Alcoholic Drinks
Falooda Basil Seed Milk Shack,Non-Alcoholic Drinks
Black Spiced Rum,Alcoholic Drinks
Falooda Rose Drink,Non-Alcoholic Drinks
White Bourbon,Alcoholic Drinks
Triple Distilled Irish Whiskey,Alcoholic Drinks
Sicilian Lemon Distilled Gin Bottle 37.5% Vol,Alcoholic Drinks
Falooda Ygo Ygo,Non-Alcoholic Drinks
Premium Pink Distilled Gin Bottle 37.5% Vol,Alcoholic Drinks
Chocolate Falooda Drink,Non-Alcoholic Drinks
Falooda Basil Seed Drink,Non-Alcoholic Drinks
Red Label Scotch Whisky Bottle 40% Vol,Alcoholic Drinks
Sherbet Falooda Drink,Non-Alcoholic Drinks
Falooda Fruit Rose Drink,Non-Alcoholic Drinks
Rhubarb & Ginger Gin,Alcoholic Drinks
Falooda Drink Rose,Non-Alcoholic Drinks
Sherbet Straw Rose Drink,Non-Alcoholic Drinks
Falooda Mix Rose,Non-Alcoholic Drinks
Falooda Drink,Non-Alcoholic Drinks
Mini Caramel Stroopwafels,"Biscuits, Chin Chin & Cookies"
Large Caramel Stroopwafels,"Biscuits, Chin Chin & Cookies"
Jumbo Caramel Stroopwafels,"Biscuits, Chin Chin & Cookies"
Cheddar & Cracked Black Pepper Bites,Snacks & Confectioneries
Ricotta & Spinach Tortelloni,Pasta & Noodles
Sicilian Cannoli Salted Caramel,Snacks & Confectioneries
Salted Caramel Cannoli,Snacks & Confectioneries
Hazelnut Chocolate Cannoli,Snacks & Confectioneries
Aragostine Hazelnut Chocolate,Snacks & Confectioneries
Aragostine Lemon,Snacks & Confectioneries
Aragostine Pistachio,Snacks & Confectioneries
Aragostine White Chocolate,Snacks & Confectioneries
Cannoncini Hazelnut Chocolate,Snacks & Confectioneries
Sicilian Cannoli Hazelnut Chocolate,Snacks & Confectioneries
Sicilian Cannoli Lemon,Snacks & Confectioneries
Sicilian Cannoli Pistachio,Snacks & Confectioneries
Pappardelle,Pasta & Noodles
Bicarbonate of Soda - Sachet,Flour & Baking Powder
Cream of Tartar,Flour & Baking Powder
Dark Chocolate,Chocolates & Sweets
White Chocolate,Chocolates & Sweets
Baking Powder,Flour & Baking Powder
Bicarbonate of Soda,Flour & Baking Powder
Extra Strong Food Colour Gel - Black,Baking Tools & Accessories
White Grape Juice,Fruit Juices & Yoghurt
Salt Grape Juice,Fruit Juices & Yoghurt
Tamarind Juice,Fruit Juices & Yoghurt
Hibiscus Juice,Fruit Juices & Yoghurt
Red Grapes Juice,Fruit Juices & Yoghurt
Mango Juice,Fruit Juices & Yoghurt
Fruit Cocktail Juice,Fruit Juices & Yoghurt
Peach Daily Juice,Fruit Juices & Yoghurt
Pineapple Orange Juice,Fruit Juices & Yoghurt
Apple Juice,Fruit Juices & Yoghurt
Apple Nactar Juice,Fruit Juices & Yoghurt
Blackcurrant,"Biscuits, Chin Chin & Cookies"
Blackcurrant - No Sugar Added,"Biscuits, Chin Chin & Cookies"
Morello Cherry - No Sugar Added,"Biscuits, Chin Chin & Cookies"
Apricot,"Biscuits, Chin Chin & Cookies"
Raspberry - No Sugar Added,"Biscuits, Chin Chin & Cookies"
Thick Cut Orange - No Sugar Added,"Biscuits, Chin Chin & Cookies"
Hazelnut Chocolate Spread,"Butter, Cheese & Other Spreads"
Cranberry Juice,Fruit Juices & Yoghurt
Cherry Berry Juice,Fruit Juices & Yoghurt
Blackcurrant Juice,Fruit Juices & Yoghurt
Apricot - No Sugar Added,"Biscuits, Chin Chin & Cookies"
Extra Strong Food Colour Gel - Blue,Baking Tools & Accessories
Extra Strong Food Colour Gel - Green,Baking Tools & Accessories
Extra Strong Food Colour Gel - Pink,Baking Tools & Accessories
Extra Strong Food Colour Gel - Red,Baking Tools & Accessories
Extra Strong Food Colour Gel - Violet,Baking Tools & Accessories
Extra Strong Food Colour Gel - Yellow,Baking Tools & Accessories
Madagascan Vanilla,Baking Tools & Accessories
Moroccan Almond,Baking Tools & Accessories
American Peppermint,Baking Tools & Accessories
Sicilian Lemon,Baking Tools & Accessories
Glycerine,Baking Tools & Accessories
Marzipan,Baking Tools & Accessories
Soft Fondant Icing - White,Baking Tools & Accessories
Chocolatey Strands,Baking Tools & Accessories
Hundreds & Thousands,Baking Tools & Accessories
Sugar Strands,Baking Tools & Accessories
Chocolate Chips - Dark,Baking Tools & Accessories
Chocolate Chips - White,Baking Tools & Accessories
Ground Arrowroot,Baking Tools & Accessories
Whole Black Olives,Canned Foods
Maple Syrup,"Sugar, Honey & Sweeteners"
Black Beans,Canned Foods
Chick Peas,Canned Foods
Italian Chopped Tomatoes,Canned Foods
Italian Peeled Plum Tomatoes,Canned Foods
Bacon & Tomato,Herbs & Spices
Cheese and Onion,"Biscuits, Chin Chin & Cookies"
Lightly Sea Salted,Chips & Snacks
Roast Rib of Beef,Chips & Snacks
Sea Salt and Aspall Cyder Vinegar,Chips & Snacks
Sea Salt and Black Pepper,Chips & Snacks
Green Tea Lemon & Honey,Everyday Tea
Lemon Green Tea,Everyday Tea
Green Tea The Vert,Everyday Tea
Lemon & Honey Green Tea,Everyday Tea
Pure Camomile,Herbal Teas
Pure Camomile Infusion,Herbal Teas
Camomile Honey & Vanilla,Herbal Teas
USA Easy Cook Rice,Grains & Rice
American Cook Rice,Grains & Rice
White Chocolate Oaty Bars,Chocolates & Sweets
Milk Chocolate Oaty Bars,Chocolates & Sweets
Caramel Oaty Bars,Chocolates & Sweets
Avengers Chocolate,Chocolates & Sweets
Chocolate Stars,Chocolates & Sweets
Strawberry Breakfast Drink,Fizzy Drinks & Malt
Chocolate Breakfast Drink,Fizzy Drinks & Malt
Vanilla Breakfast Drink,Fizzy Drinks & Malt
Banana Breakfast Drink,Fizzy Drinks & Malt
Caffe Latte Breakfast Drink,Fizzy Drinks & Malt
Crunchy Weeties,Oats & Instant Cereals
Whole Grain Cereals,Oats & Instant Cereals
Crispy Minis Chocolate Chips,Oats & Instant Cereals
Protein,Oats & Instant Cereals
Crunch Chocolate,Oats & Instant Cereals
Chocolate Chip,Oats & Instant Cereals
Crispy Minis Fruit & Nut,Oats & Instant Cereals
Chocolate Custard,Breakfast & Cereals
Caramel Custard,Breakfast & Cereals
Vanilla Custard,Breakfast & Cereals
Mango Custard,Breakfast & Cereals
Banana Custard,Breakfast & Cereals
Ice Cream Mix,Oats & Instant Cereals
Ghana Sattu,Oats & Instant Cereals
Mathi - Sugar Control,"Biscuits, Chin Chin & Cookies"
Custard Mixed Fruit,Oats & Instant Cereals
Semiyam Mix,Oats & Instant Cereals
Ready Mix,Oats & Instant Cereals
Payasam Mix,Oats & Instant Cereals
Semiyam Payasam Mix,Oats & Instant Cereals
Basundi,Oats & Instant Cereals
Pista Kheer Mix,Oats & Instant Cereals
Instant Payasam Vermicelli Mix,Oats & Instant Cereals
Instant Paal Payasam Mix,Oats & Instant Cereals
Rabdi,Oats & Instant Cereals
Kheer Flour,Oats & Instant Cereals
Basundi Mix,Beverages & Milk
Halwa Mix,Oats & Instant Cereals
Instant Kheer,Oats & Instant Cereals
Instant Basundi Mix,Oats & Instant Cereals
Gulab Jamun,Oats & Instant Cereals
Jalebi,Oats & Instant Cereals
Pilau Rice,Grains & Rice
Finas Zoro Sugar,"Sugar, Honey & Sweeteners"
Choc Chip Cookies Sugar Free Zero,"Biscuits, Chin Chin & Cookies"
Basmati Rice,Grains & Rice
Thai Jasmine Rice,Grains & Rice
Molfix Baby Diapers,Diapering
Pampers Baby Dry Diapers,Diapering
Huggies Snug & Dry Diapers,Diapering
Baby Soft Diapers,Diapering
Dr. Brown's Diapers,Diapering
Happy Baby Diapers,Diapering
MamyPoko Pants,Diapering
Little Angels Diapers,Diapering
Teddy Baby Diapers,Diapering
Dry Love Baby Diapers,Diapering
Baby Teething Gel,Baby & Toddler Health
Johnson's Baby Oil,Baby & Toddler Health
Infacare Baby Bath,Baby & Toddler Health
Gripe Water,Baby & Toddler Health
Baby Vicks,Baby & Toddler Health
Sudocrem,Baby & Toddler Health
Infants' Friend,Baby & Toddler Health
Zarbee's Baby Cough Syrup,Baby & Toddler Health
Baby Vitamin D Drops,Baby & Toddler Health
Colic Calm,Baby & Toddler Health
Dove Baby Lotion,Daily Care
Johnson's Baby Shampoo,Daily Care
Baby Wipes,Daily Care
Baby Powder,Daily Care
Baby Soap,Daily Care
Baby Lotion,Daily Care
Baby Oil,Daily Care
Baby Cologne,Daily Care
Baby Bath,Daily Care
Baby Cream,Daily Care
Tommee Tippee Bottles,Feeding & Nursing
Medela Breast Pump,Feeding & Nursing
Avent Natural Feeding Bottle,Feeding & Nursing
Breastfeeding Pillow,Feeding & Nursing
NUK Baby Bottle,Feeding & Nursing
Lansinoh Breastmilk Storage Bags,Feeding & Nursing
Nursing Pads,Feeding & Nursing
Bottle Warmer,Feeding & Nursing
Baby Formula,Feeding & Nursing
Baby Bibs,Feeding & Nursing
Fisher-Price Baby Swing,Toys & Gears
Baby Walker,Toys & Gears
Play Gym,Toys & Gears
Bouncer Chair,Toys & Gears
Stroller,Toys & Gears
Activity Center,Toys & Gears
Baby Car Seat,Toys & Gears
Teether Toys,Toys & Gears
Musical Mobile,Toys & Gears
Educational Toys,Toys & Gears
Cartoon Character Backpack,School Bag
School Bag with Wheels,School Bag
Junior School Bag,School Bag
Waterproof School Bag,School Bag
Kids' Trolley Bag,School Bag
Personalized School Bag,School Bag
Backpack Lunch Bag Combo,School Bag
Teenage Mutant Ninja Turtles Bag,School Bag
School Bag with Pencil Case,School Bag
Ergonomic School Bag,School Bag
Pineapple Sunshine Soda,Fizzy Drinks & Malt
Go Banana Soda,Fizzy Drinks & Malt
Kola Reggae Gold Soda,Fizzy Drinks & Malt
Kola Champion Reggae Gold Soda,Fizzy Drinks & Malt
Action Apple SOda ,Fizzy Drinks & Malt
Popping Pear Soda,Fizzy Drinks & Malt
Cream Scream Soda,Fizzy Drinks & Malt
Cream Scream Super Soda,Fizzy Drinks & Malt
Alcohol Free Hazy IPA,Beer
Strawberry Soda,Fizzy Drinks & Malt
Premium Lager Beer,Beer
Go Grape Go Soda,Fizzy Drinks & Malt
Chardonnay,Wines & Champagne 
Rock N Rolla Cola Soda,Fizzy Drinks & Malt
Green Punch Soda,Fizzy Drinks & Malt
Chubby pineapple sunshine Pina soda,Fizzy Drinks & Malt
Lager Beer,Beer
Tutti Fruity Fruit Punch Soda,Fizzy Drinks & Malt
Australian Chardonnay,Wines & Champagne 
Orange Tango Soda,Fizzy Drinks & Malt
Tutti Fruity Soda,Fizzy Drinks & Malt
Pinot Grigio,Wines & Champagne 
Bubble Gum Soda,Fizzy Drinks & Malt
Martian Magic Soda,Fizzy Drinks & Malt
Slimline Tonic Water,Fizzy Drinks & Malt
Blueberry Blast Soda 25% Less Sugar,Fizzy Drinks & Malt
0.0% Alcohol Free Draught Stout,Beer
Bluberry Blast Soda,Fizzy Drinks & Malt
Caffein Free Blueberry Blast Soda,Fizzy Drinks & Malt